code,name
005930,삼성전자
000660,SK하이닉스
402340,SK스퀘어
005935,삼성전자우
009150,삼성전기
005380,현대차
373220,LG에너지솔루션
032830,삼성생명
207940,삼성바이오로직스
105560,KB금융
028260,삼성물산
000270,기아
055550,신한지주
329180,HD현대중공업
012330,현대모비스
012450,한화에어로스페이스
034730,SK
034020,두산에너빌리티
068270,셀트리온
086790,하나금융지주
006400,삼성SDI
035420,NAVER
066570,LG전자
267260,HD현대일렉트릭
010120,LS ELECTRIC
000810,삼성화재
042660,한화오션
009540,HD한국조선해양
298040,효성중공업
069500,KODEX 200
005490,POSCO홀딩스
316140,우리금융지주
015760,한국전력
006800,미래에셋증권
010130,고려아연
042700,한미반도체
017670,SK텔레콤
360750,TIGER 미국S&P500
096770,SK이노베이션
000150,두산
011200,HMM
138040,메리츠금융지주
010140,삼성중공업
033780,KT&G
051910,LG화학
064350,현대로템
267250,HD현대
024110,기업은행
010950,S-Oil
035720,카카오
011070,LG이노텍
018260,삼성에스디에스
003550,LG
079550,LIG디펜스앤에어로스페이스
086280,현대글로비스
047810,한국항공우주
278470,에이피알
030200,KT
003670,포스코퓨처엠
071050,한국금융지주
272210,한화시스템
133690,TIGER 미국나스닥100
307950,현대오토에버
000720,현대건설
005830,DB손해보험
005940,NH투자증권
259960,크래프톤
323410,카카오뱅크
379800,KODEX 미국S&P500
102110,TIGER 200
396500,TIGER 반도체TOP10
003490,대한항공
047050,포스코인터내셔널
016360,삼성증권
443060,HD현대마린솔루션
161390,한국타이어앤테크놀로지
379810,KODEX 미국나스닥100
006260,LS
352820,하이브
003230,삼양식품
028050,삼성E&A
039490,키움증권
078930,GS
488770,KODEX 머니마켓액티브
278530,KODEX 200TR
090430,아모레퍼시픽
005387,현대차2우B
459580,KODEX CD금리액티브(합성)
180640,한진칼
007660,이수페타시스
021240,코웨이
000880,한화
047040,대우건설
064400,LG씨엔에스
381180,TIGER 미국필라델피아반도체나스닥
032640,LG유플러스
241560,두산밥캣
267270,HD건설기계
326030,SK바이오팜
122630,KODEX 레버리지
353200,대덕전자
498400,KODEX 200타겟위클리커버드콜
000100,유한양행
091160,KODEX 반도체
377300,카카오페이
138930,BNK금융지주
029780,삼성카드
001440,대한전선
004170,신세계
062040,산일전기
271560,오리온
034220,LG디스플레이
175330,JB금융지주
088980,맥쿼리인프라
128940,한미약품
036570,NC
009830,한화솔루션
000990,DB하이텍
005385,현대차우
310970,TIGER MSCI Korea TR
454910,두산로보틱스
148020,RISE 200
458730,TIGER 미국배당다우존스
360200,ACE 미국S&P500
411060,ACE KRX금현물
395160,KODEX AI반도체TOP2플러스
229200,KODEX 코스닥150
011790,SKC
381170,TIGER 미국테크TOP10 INDXX
082740,한화엔진
001040,CJ
088350,한화생명
023530,롯데쇼핑
111770,영원무역
395270,HANARO Fn K-반도체
273130,KODEX 종합채권(AA-이상)액티브
051900,LG생활건강
018880,한온시스템
367380,ACE 미국나스닥100
002380,KCC
357870,TIGER CD금리투자KIS(합성)
423160,KODEX KOFR금리액티브(합성)
010060,OCI홀딩스
000500,가온전선
052690,한전기술
004020,현대제철
066970,엘앤에프
102780,KODEX 삼성그룹
001450,현대해상
035250,강원랜드
069960,현대백화점
036460,한국가스공사
011780,금호석유화학
031210,서울보증보험
251270,넷마블
103590,일진전기
487240,KODEX AI전력핵심설비
022100,포스코DX
383220,F&F
097950,CJ제일제당
139130,iM금융지주
483650,달바글로벌
028670,팬오션
455890,RISE 머니마켓액티브
139260,TIGER 200 IT
012750,에스원
481050,KODEX CD1년금리플러스액티브(합성)
017800,현대엘리베이터
336260,두산퓨얼셀
302440,SK바이오사이언스
233740,KODEX 코스닥150레버리지
026960,동서
426030,TIME 미국나스닥100액티브
011170,롯데케미칼
004800,효성
005850,에스엘
009420,한올바이오파마
006360,GS건설
279570,케이뱅크
014680,한솔케미칼
009970,영원무역홀딩스
450080,에코프로머티
081660,미스토홀딩스
375500,DL이앤씨
003690,코리안리
278540,KODEX MSCI Korea TR
449170,TIGER KOFR금리액티브(합성)
001720,신영증권
000240,한국앤컴퍼니
161510,PLUS 고배당주
161890,한국콜마
456600,TIME 글로벌AI인공지능액티브
008930,한미사이언스
139480,이마트
005440,현대지에프홀딩스
